Asia: Afc Champions League - Qualification,Lee Man Warriors vs Bali United,HOME DC,2.07,12:00 GMT,Not Yet,16-08-2023,,Not Yet,lcwqjhuj245680707,vip_tips
Iceland: Division 1,Thor Akureyri vs Throttur,HOME DC,2.03,18:00 GMT,Not Yet,16-08-2023,,Not Yet,yofynppm28374869,vip_tips
Iceland: Division 1,Thor Akureyri vs Throttur,HOME DC,2.03,18:00 GMT,Not Yet,16-08-2023,,Not Yet,yofynppm28374869,vip_tips
Romania: Romanian Cup - Qualification,Calarasi vs Steaua Bucuresti,AWAY WIN,1.62,14:30 GMT,Not Yet,16-08-2023,,Not Yet,jmomonnd153595653,vip_tips
Germany: Oberliga Rheinland-Pfalz/Saar,SpVgg Quierschied vs Waldalgesheim,HOME DC,2.26,17:30 GMT,Not Yet,16-08-2023,,Not Yet,igxabrtq103190226,vip_tips
Germany: Regionalliga Nordost,Erfurt vs Chemie Leipzig,HOME DC,1.83,18:20 GMT,Not Yet,16-08-2023,,Not Yet,uiplffyi60558502,vip_tips
Iceland: Division 1,Grotta vs Fjolnir,AWAY DC,2.33,19:15 GMT,Not Yet,16-08-2023,,Not Yet,wcdhlmaq64615843,vip_tips
Iceland: Division 1,Grotta vs Fjolnir,AWAY DC,2.33,19:15 GMT,Not Yet,16-08-2023,,Not Yet,wcdhlmaq64615843,vip_tips
England: National League,Boreham Wood vs Solihull Moors,HOME DC,2.26,18:45 GMT,Not Yet,16-08-2023,,Not Yet,hkfwdcwg63860364,vip_tips
Hungary: Merkantil Bank Liga,Mosonmagyarovari TE vs Ajka,AWAY DC,2.11,15:30 GMT,Not Yet,16-08-2023,,Not Yet,ruhhhstx167580900,vip_tips
England: Southern League South Division,AFC Totton vs Poole,AWAY DC,2.09,18:45 GMT,Not Yet,16-08-2023,,Not Yet,qfvxdibf165079516,vip_tips
England: Southern League South Division,AFC Totton vs Poole,AWAY DC,2.09,18:45 GMT,Not Yet,16-08-2023,,Not Yet,qfvxdibf165079516,vip_tips
